{"cameraMode":{"drawMode":0,"name":"Shaded","section":"Shading Mode"},"sceneLighting":true,"audioPlay":false,"sceneViewState":{"m_AlwaysRefresh":false,"showFog":true,"showSkybox":true,"showFlares":true,"showImageEffects":true,"showParticleSystems":true,"showVisualEffectGraphs":true,"m_FxEnabled":true},"in2DMode":false,"pivot":{"x":11.858928680419922,"y":1.9791605472564698,"z":44.21511459350586},"rotation":{"x":0.1661572903394699,"y":0.6915600895881653,"z":-0.16836442053318025,"w":0.6824953556060791},"size":1.4696934223175049,"orthographic":false}