{"cameraMode":{"drawMode":0,"name":"Shaded","section":"Shading Mode"},"sceneLighting":true,"audioPlay":false,"sceneViewState":{"m_AlwaysRefresh":false,"showFog":true,"showSkybox":true,"showFlares":true,"showImageEffects":true,"showParticleSystems":true,"showVisualEffectGraphs":true,"m_FxEnabled":true},"in2DMode":false,"pivot":{"x":38.19613265991211,"y":5.206546306610107,"z":57.33067321777344},"rotation":{"x":0.028849812224507333,"y":0.9701135158538818,"z":-0.14543181657791139,"w":0.19222566485404969},"size":1.4696934223175049,"orthographic":false}