{"cameraMode":{"drawMode":0,"name":"Shaded","section":"Shading Mode"},"sceneLighting":true,"audioPlay":false,"sceneViewState":{"m_AlwaysRefresh":false,"showFog":true,"showSkybox":true,"showFlares":true,"showImageEffects":true,"showParticleSystems":true,"showVisualEffectGraphs":true,"m_FxEnabled":true},"in2DMode":false,"pivot":{"x":10.197717666625977,"y":1.7887156009674073,"z":40.12356185913086},"rotation":{"x":0.15073317289352418,"y":-0.8219709992408752,"z":0.25452375411987307,"w":0.48660948872566225},"size":1.7113456726074219,"orthographic":false}