{"cameraMode":{"drawMode":0,"name":"Shaded","section":"Shading Mode"},"sceneLighting":false,"audioPlay":false,"sceneViewState":{"m_AlwaysRefresh":false,"showFog":true,"showSkybox":false,"showFlares":true,"showImageEffects":true,"showParticleSystems":true,"showVisualEffectGraphs":true,"m_FxEnabled":true},"in2DMode":false,"pivot":{"x":-0.45310595631599429,"y":0.0858435332775116,"z":0.22116370499134065},"rotation":{"x":-0.0022538970224559309,"y":-0.9726053476333618,"z":0.23215848207473756,"w":-0.009706174954771996},"size":0.8660253882408142,"orthographic":false}