{"cameraMode":{"drawMode":0,"name":"Shaded","section":"Shading Mode"},"sceneLighting":false,"audioPlay":false,"sceneViewState":{"m_AlwaysRefresh":false,"showFog":true,"showSkybox":false,"showFlares":true,"showImageEffects":true,"showParticleSystems":true,"showVisualEffectGraphs":true,"m_FxEnabled":true},"in2DMode":false,"pivot":{"x":-3.885842800140381,"y":6.806997776031494,"z":14.792923927307129},"rotation":{"x":-0.020696232095360757,"y":-0.9761132001876831,"z":0.18703684210777284,"w":-0.10827882587909699},"size":-0.0009826794266700745,"orthographic":false}